onset	duration	trial_type
32.4167	0.05	566
32.55863	0.05	119
32.89031	0.05	566
33.2447	0.05	168
33.43094	0.05	6400
33.93096	0.05	168
34.43067	0.05	476
34.74053	0.05	119
35.10065	0.05	1903
35.43913	0.05	400
35.7299	0.05	119
36.15078	0.05	400
36.39402	0.05	2263
37.09482	0.05	7611
37.39194	0.05	1903
37.72205	0.05	5382
38.20006	0.05	400
38.52278	0.05	3200
38.82511	0.05	566
39.04219	0.05	800
39.39756	0.05	2263
39.56668	0.05	18102
39.98572	0.05	100
40.56777	0.05	800
40.79967	0.05	10763
41.24212	0.05	3805
41.75359	0.05	238
41.90117	0.05	7611
42.06128	0.05	2263
42.45783	0.05	476
42.72266	0.05	283
43.13783	0.05	10763
43.5733	0.05	1131
43.99196	0.05	1903
44.51008	0.05	141
44.92185	0.05	18102
45.42187	0.05	400
45.60294	0.05	566
45.91514	0.05	7611
46.20967	0.05	1345
46.35643	0.05	168
46.70652	0.05	15222
46.90126	0.05	3200
47.44275	0.05	1600
47.66264	0.05	800
48.05269	0.05	4525
48.3974	0.05	336
48.60536	0.05	6400
48.71153	0.05	1131
49.01858	0.05	673
49.21777	0.05	1600
49.62103	0.05	119
50.00788	0.05	1345
50.60375	0.05	100
51.00341	0.05	2691
51.24055	0.05	18102
51.6084	0.05	2691
51.80772	0.05	3200
52.11997	0.05	21527
52.42845	0.05	7611
52.74325	0.05	2263
53.01788	0.05	283
53.50085	0.05	238
53.62718	0.05	9051
54.00207	0.05	200
54.4508	0.05	9051
54.8725	0.05	951
55.27008	0.05	1600
55.59026	0.05	1131
56.00337	0.05	3200
56.39956	0.05	100
56.68176	0.05	18102
56.94924	0.05	141
57.22652	0.05	7611
57.38377	0.05	141
57.66865	0.05	141
57.99938	0.05	6400
58.35768	0.05	1131
58.90457	0.05	238
59.1752	0.05	336
59.57983	0.05	9051
60.01257	0.05	141
60.46892	0.05	119
60.66992	0.05	168
61.01362	0.05	1131
61.36094	0.05	238
61.5604	0.05	21527
61.78693	0.05	1131
62.26765	0.05	119
62.56538	0.05	673
62.93461	0.05	5382
63.26121	0.05	10763
63.49924	0.05	238
63.7457	0.05	15222
64.12291	0.05	1345
64.32806	0.05	168
64.7579	0.05	21527
65.15411	0.05	5382
65.37228	0.05	1131
65.65325	0.05	3200
65.83566	0.05	6400
65.93981	0.05	800
66.40391	0.05	1131
66.655	0.05	336
67.01511	0.05	12800
67.36189	0.05	100
67.67956	0.05	238
67.8794	0.05	6400
68.08484	0.05	2263
68.35269	0.05	673
68.53527	0.05	100
68.73008	0.05	6400
69.28253	0.05	12800
69.60477	0.05	21527
69.78448	0.05	238
70.09387	0.05	5382
70.2818	0.05	673
70.44976	0.05	1345
70.73128	0.05	336
71.18976	0.05	673
71.52189	0.05	2691
71.93176	0.05	2691
72.116	0.05	10763
72.37373	0.05	951
72.65509	0.05	238
72.83518	0.05	566
73.00575	0.05	18102
73.46046	0.05	141
73.77677	0.05	1903
74.01373	0.05	21527
74.44756	0.05	4525
74.794	0.05	21527
74.99523	0.05	10763
75.5225	0.05	476
75.87718	0.05	168
76.43087	0.05	10763
76.92144	0.05	336
77.15416	0.05	476
77.32715	0.05	15222
77.63241	0.05	2263
77.9055	0.05	119
78.12139	0.05	1131
78.50672	0.05	476
79.06226	0.05	9051
79.31019	0.05	12800
79.52577	0.05	336
79.80913	0.05	2263
80.22001	0.05	3200
80.43484	0.05	400
80.616	0.05	141
80.91523	0.05	566
81.22148	0.05	7611
81.60493	0.05	4525
81.84738	0.05	10763
82.1428	0.05	238
82.40355	0.05	2263
82.70799	0.05	1600
83.2726	0.05	119
83.51382	0.05	4525
83.68196	0.05	673
84.06303	0.05	566
84.27282	0.05	1131
84.59241	0.05	2691
84.83133	0.05	476
85.22239	0.05	18102
85.61613	0.05	21527
85.90477	0.05	18102
86.01856	0.05	3805
86.35124	0.05	9051
86.9272	0.05	1600
87.39681	0.05	566
87.54545	0.05	566
87.84997	0.05	238
88.08296	0.05	7611
88.28078	0.05	566
88.45894	0.05	2691
88.81353	0.05	3200
89.07491	0.05	6400
89.39715	0.05	283
89.66577	0.05	5382
89.923	0.05	673
90.28947	0.05	21527
90.71074	0.05	476
91.39563	0.05	6400
91.56289	0.05	673
91.76089	0.05	238
92.23387	0.05	336
92.4999	0.05	100
92.66509	0.05	21527
93.0235	0.05	1345
93.59164	0.05	2691
94.00965	0.05	200
94.66076	0.05	5382
95.04713	0.05	673
95.67849	0.05	100
95.95046	0.05	12800
96.13731	0.05	2691
96.42502	0.05	15222
96.92493	0.05	12800
97.114	0.05	3200
97.52053	0.05	476
97.76232	0.05	100
98.15579	0.05	9051
98.34641	0.05	1131
98.67273	0.05	3200
98.7899	0.05	10763
99.04389	0.05	15222
99.42384	0.05	1345
99.69808	0.05	2691
100.2064	0.05	12800
100.4449	0.05	10763
100.5414	0.05	673
100.7198	0.05	400
101.1959	0.05	141
101.496	0.05	9051
101.8636	0.05	3805
102.3206	0.05	1600
102.43	0.05	1345
102.667	0.05	283
102.8975	0.05	566
103.096	0.05	3200
103.3873	0.05	951
103.9492	0.05	21527
104.2589	0.05	336
104.7656	0.05	6400
104.997	0.05	1131
105.3128	0.05	1131
105.535	0.05	200
105.934	0.05	3805
106.2167	0.05	951
106.5994	0.05	4525
107.0111	0.05	800
107.3157	0.05	283
107.7633	0.05	673
108.4929	0.05	238
108.8823	0.05	336
109.1956	0.05	2263
109.6473	0.05	1131
109.9696	0.05	1131
110.1595	0.05	566
110.543	0.05	200
110.8571	0.05	2691
111.1368	0.05	141
111.6524	0.05	6400
112.2835	0.05	6400
112.5342	0.05	12800
112.8628	0.05	100
113.0825	0.05	9051
113.4961	0.05	15222
113.5904	0.05	3805
114.0551	0.05	21527
114.3997	0.05	119
114.7504	0.05	12800
115.2545	0.05	200
115.5344	0.05	3200
115.8319	0.05	566
116.0069	0.05	12800
116.1489	0.05	566
116.3796	0.05	2691
116.733	0.05	673
116.9816	0.05	3200
117.1509	0.05	2691
117.6299	0.05	5382
117.8597	0.05	21527
118.173	0.05	6400
118.4877	0.05	476
118.7706	0.05	3200
119.1409	0.05	476
119.4221	0.05	336
119.5641	0.05	1600
119.7615	0.05	100
120.1096	0.05	15222
120.2857	0.05	2263
120.5568	0.05	3200
120.7628	0.05	9051
120.9465	0.05	566
121.1446	0.05	566
121.4092	0.05	15222
121.7476	0.05	3805
122.0473	0.05	2691
122.5248	0.05	800
122.8083	0.05	5382
122.9621	0.05	1345
123.2782	0.05	119
123.6025	0.05	7611
123.9611	0.05	400
124.3467	0.05	12800
124.8626	0.05	951
125.1104	0.05	400
125.4609	0.05	673
125.774	0.05	2263
126.0182	0.05	6400
126.7084	0.05	6400
126.9904	0.05	2263
127.1531	0.05	3805
127.7649	0.05	1600
128.1247	0.05	3200
128.3135	0.05	9051
128.7177	0.05	336
129.2321	0.05	1131
129.4426	0.05	1345
129.7757	0.05	566
130.0725	0.05	168
130.2571	0.05	100
130.7558	0.05	238
131.0686	0.05	168
131.4598	0.05	673
131.689	0.05	7611
131.9249	0.05	238
132.2831	0.05	7611
132.6123	0.05	200
133.2402	0.05	200
133.52	0.05	4525
134.2274	0.05	283
134.7869	0.05	283
134.9081	0.05	12800
135.0489	0.05	10763
135.2938	0.05	21527
135.5847	0.05	951
135.9006	0.05	7611
136.3396	0.05	6400
136.5683	0.05	238
136.797	0.05	10763
137.0859	0.05	1345
137.398	0.05	800
137.7512	0.05	4525
138.2277	0.05	12800
138.6321	0.05	5382
138.7675	0.05	3805
139.1839	0.05	951
139.6187	0.05	1131
140.0253	0.05	10763
140.5471	0.05	9051
140.9072	0.05	2691
141.1411	0.05	7611
141.4366	0.05	1600
141.5259	0.05	476
141.9075	0.05	141
142.2381	0.05	1131
142.481	0.05	1903
142.7169	0.05	18102
142.9093	0.05	476
143.2179	0.05	1600
143.5856	0.05	6400
143.8587	0.05	15222
144.1119	0.05	1903
144.422	0.05	200
144.7142	0.05	2263
144.9187	0.05	336
145.4372	0.05	1600
145.814	0.05	10763
146.3304	0.05	6400
146.5839	0.05	283
146.7727	0.05	15222
147.2069	0.05	1903
147.5272	0.05	100
147.7522	0.05	2691
148.0553	0.05	168
148.1722	0.05	1131
148.6532	0.05	2691
148.8553	0.05	10763
149.0876	0.05	4525
149.6148	0.05	673
149.824	0.05	1345
150.0874	0.05	673
150.3399	0.05	200
150.9211	0.05	400
151.2467	0.05	336
151.4391	0.05	200
151.6274	0.05	168
152.2321	0.05	2263
152.8789	0.05	336
153.4632	0.05	476
153.6394	0.05	141
153.9269	0.05	12800
154.2161	0.05	283
154.5733	0.05	2263
154.8184	0.05	1345
155.0208	0.05	2691
155.2801	0.05	1600
155.7608	0.05	4525
156.5052	0.05	100
156.8513	0.05	566
157.1322	0.05	1600
157.5492	0.05	18102
157.8038	0.05	2691
158.4348	0.05	21527
158.9198	0.05	15222
159.0986	0.05	18102
159.3329	0.05	3200
159.8604	0.05	1345
160.2294	0.05	141
160.5991	0.05	2263
160.7378	0.05	200
161.0837	0.05	200
161.4982	0.05	168
161.7361	0.05	336
161.936	0.05	800
162.2269	0.05	9051
162.4219	0.05	951
162.7274	0.05	800
163.0806	0.05	566
163.6141	0.05	1345
163.9533	0.05	1345
164.2018	0.05	100
164.7859	0.05	238
165.223	0.05	3805
165.5693	0.05	12800
165.9815	0.05	7611
166.2338	0.05	18102
166.676	0.05	951
167.0277	0.05	566
167.4326	0.05	21527
167.6282	0.05	9051
168.1929	0.05	3805
168.5687	0.05	6400
168.692	0.05	119
169.0731	0.05	2263
169.5883	0.05	566
169.9953	0.05	18102
170.5303	0.05	6400
171.0539	0.05	15222
171.2631	0.05	15222
171.3609	0.05	18102
171.9764	0.05	400
172.3458	0.05	10763
172.6633	0.05	7611
172.9274	0.05	566
173.0798	0.05	15222
173.4248	0.05	3200
173.5906	0.05	3200
173.8069	0.05	1600
174.0949	0.05	476
174.5207	0.05	1131
174.8878	0.05	2691
175.0561	0.05	566
175.6104	0.05	21527
175.9296	0.05	673
176.5622	0.05	238
176.7426	0.05	21527
176.9649	0.05	238
177.1887	0.05	3805
177.4896	0.05	400
177.6921	0.05	141
177.8958	0.05	951
177.9892	0.05	119
178.2056	0.05	3805
178.5557	0.05	141
178.8468	0.05	12800
179.14	0.05	200
179.4396	0.05	336
179.7772	0.05	15222
180.0303	0.05	3200
180.2607	0.05	7611
180.6477	0.05	21527
180.91	0.05	400
181.2561	0.05	18102
181.4603	0.05	566
181.7562	0.05	9051
182.1801	0.05	100
182.3912	0.05	119
182.7248	0.05	951
183.0094	0.05	3805
183.3143	0.05	476
183.584	0.05	951
183.6963	0.05	238
183.9925	0.05	476
184.5299	0.05	6400
184.939	0.05	400
185.2065	0.05	200
185.4417	0.05	18102
185.7906	0.05	168
186.0574	0.05	1345
186.3073	0.05	18102
186.6295	0.05	21527
187.141	0.05	141
187.2263	0.05	800
187.6249	0.05	1131
187.8244	0.05	2263
188.2813	0.05	3200
188.3721	0.05	119
188.6582	0.05	1600
188.9807	0.05	2263
189.2427	0.05	283
189.5314	0.05	200
189.6855	0.05	1131
189.8736	0.05	238
190.0925	0.05	6400
190.4583	0.05	951
190.7018	0.05	141
191.2668	0.05	951
191.6005	0.05	100
191.7277	0.05	400
191.9862	0.05	238
192.2224	0.05	2691
192.5511	0.05	2691
192.8376	0.05	9051
193.1169	0.05	951
193.3443	0.05	12800
193.6507	0.05	10763
193.8106	0.05	336
194.2135	0.05	6400
194.3837	0.05	1600
194.6189	0.05	2691
194.9148	0.05	4525
195.2635	0.05	476
195.5683	0.05	1903
196.1735	0.05	141
196.7552	0.05	951
197.1603	0.05	673
197.4874	0.05	6400
197.7071	0.05	9051
197.9648	0.05	951
198.1278	0.05	476
198.3957	0.05	336
198.6522	0.05	10763
199.2601	0.05	400
199.6854	0.05	4525
200.0089	0.05	100
200.2865	0.05	6400
200.6124	0.05	238
201.0398	0.05	673
201.7528	0.05	3200
202.1128	0.05	566
202.5562	0.05	4525
202.9696	0.05	1600
203.3636	0.05	566
203.8304	0.05	283
204.3428	0.05	800
204.6635	0.05	476
204.9386	0.05	200
205.2843	0.05	800
205.7502	0.05	2691
206.2547	0.05	5382
206.5031	0.05	12800
206.9546	0.05	566
207.2472	0.05	4525
207.5196	0.05	1131
207.9116	0.05	283
208.3665	0.05	21527
208.6118	0.05	4525
208.7671	0.05	3805
209.0753	0.05	12800
209.4691	0.05	800
209.795	0.05	3200
210.3679	0.05	951
210.641	0.05	476
211.0731	0.05	2263
211.2951	0.05	400
211.4707	0.05	7611
211.8822	0.05	5382
212.0464	0.05	283
212.2186	0.05	6400
212.46	0.05	2263
212.6162	0.05	566
213.0108	0.05	673
213.2903	0.05	141
213.4632	0.05	10763
213.6745	0.05	6400
213.876	0.05	200
214.1815	0.05	168
214.2728	0.05	673
214.5044	0.05	238
214.6687	0.05	1131
215.0292	0.05	800
215.43	0.05	12800
215.7647	0.05	10763
216.0662	0.05	100
216.1453	0.05	673
216.4639	0.05	3200
216.6764	0.05	12800
216.9574	0.05	12800
217.2309	0.05	6400
217.416	0.05	119
217.8139	0.05	3200
218.1615	0.05	7611
218.4322	0.05	336
218.8803	0.05	1131
219.4534	0.05	18102
219.6432	0.05	400
219.9546	0.05	1131
220.1442	0.05	476
220.5691	0.05	3805
220.9548	0.05	119
221.2061	0.05	336
221.4526	0.05	141
221.6779	0.05	9051
222.1317	0.05	800
222.4148	0.05	100
222.7102	0.05	6400
222.8862	0.05	400
223.2442	0.05	6400
224.0656	0.05	141
224.4203	0.05	10763
224.582	0.05	1600
224.9306	0.05	7611
225.0911	0.05	10763
225.426	0.05	2263
225.5658	0.05	119
225.9856	0.05	951
226.4769	0.05	168
227.0448	0.05	2691
227.5803	0.05	12800
227.8051	0.05	1903
228.1822	0.05	400
228.6335	0.05	5382
228.8266	0.05	3200
229.1688	0.05	200
229.5957	0.05	7611
229.769	0.05	15222
229.9738	0.05	1131
230.4032	0.05	1131
230.7172	0.05	2263
231.1065	0.05	400
231.6384	0.05	800
232.0214	0.05	18102
232.2432	0.05	566
232.6683	0.05	141
232.9615	0.05	400
233.1803	0.05	7611
233.8611	0.05	10763
234.1867	0.05	400
234.3931	0.05	1345
234.7997	0.05	7611
235.3935	0.05	3805
235.7935	0.05	1903
236.2248	0.05	2263
236.5537	0.05	1600
236.848	0.05	238
237.2926	0.05	21527
237.5824	0.05	1600
237.9073	0.05	7611
238.1574	0.05	951
238.39	0.05	283
238.6707	0.05	10763
238.853	0.05	4525
239.2019	0.05	15222
239.5304	0.05	5382
239.8398	0.05	9051
239.9411	0.05	3200
240.1931	0.05	476
240.5421	0.05	800
240.9083	0.05	119
241.2474	0.05	566
241.5573	0.05	200
241.7041	0.05	100
242.066	0.05	12800
242.3638	0.05	9051
242.7472	0.05	2263
243.148	0.05	3805
243.4516	0.05	3200
243.8114	0.05	951
244.0839	0.05	566
244.358	0.05	9051
244.6249	0.05	141
244.8297	0.05	3200
245.1764	0.05	1345
245.6844	0.05	3200
245.9288	0.05	2691
246.1818	0.05	12800
246.6022	0.05	119
246.9223	0.05	7611
247.4881	0.05	400
247.6273	0.05	1131
247.8242	0.05	1903
248.0484	0.05	476
248.7477	0.05	3200
249.1231	0.05	1345
249.3828	0.05	1131
249.7016	0.05	9051
249.9765	0.05	9051
250.4392	0.05	238
250.7564	0.05	2263
251.1923	0.05	566
251.6094	0.05	10763
251.8946	0.05	21527
252.1946	0.05	1345
252.5267	0.05	400
252.7471	0.05	2263
253.0314	0.05	476
253.3346	0.05	400
253.5325	0.05	10763
253.9883	0.05	9051
254.1759	0.05	119
254.4058	0.05	119
254.5899	0.05	10763
255.0677	0.05	12800
255.3008	0.05	100
255.4381	0.05	336
255.8732	0.05	800
256.4197	0.05	7611
256.8321	0.05	15222
257.1656	0.05	1345
257.3799	0.05	5382
257.6053	0.05	800
258.1123	0.05	119
258.6052	0.05	18102
258.8462	0.05	2263
259.2801	0.05	4525
259.6245	0.05	566
259.8925	0.05	119
260.1096	0.05	10763
260.4639	0.05	951
260.5942	0.05	21527
260.7435	0.05	15222
261.4072	0.05	3805
261.7126	0.05	9051
262.5187	0.05	566
262.8024	0.05	283
263.1407	0.05	9051
263.5941	0.05	141
263.8859	0.05	7611
264.1366	0.05	119
264.6813	0.05	141
264.8945	0.05	168
265.3286	0.05	3805
265.5806	0.05	9051
266.0044	0.05	6400
266.4452	0.05	283
266.6625	0.05	141
267.0532	0.05	6400
267.5253	0.05	2263
267.7204	0.05	238
268.0856	0.05	1131
268.3956	0.05	168
268.5744	0.05	141
268.8542	0.05	400
269.1482	0.05	1903
269.3404	0.05	1903
269.461	0.05	15222
269.6702	0.05	12800
269.9843	0.05	3805
270.1218	0.05	336
270.6349	0.05	336
270.8768	0.05	1600
270.99	0.05	200
271.3197	0.05	15222
271.875	0.05	100
272.1969	0.05	12800
272.5336	0.05	951
272.8449	0.05	1600
273.1832	0.05	238
273.6297	0.05	3200
273.9693	0.05	119
274.3949	0.05	141
274.7818	0.05	283
275.1144	0.05	100
275.4677	0.05	7611
275.6696	0.05	9051
275.8753	0.05	3805
276.1884	0.05	1345
276.5525	0.05	336
276.7632	0.05	9051
277.1981	0.05	673
277.5276	0.05	1903
278.3594	0.05	200
278.7318	0.05	1600
278.9035	0.05	1600
279.2718	0.05	3200
279.6574	0.05	10763
279.9094	0.05	951
280.2563	0.05	168
280.4985	0.05	9051
280.8161	0.05	673
281.1897	0.05	1600
281.6897	0.05	6400
282.1179	0.05	100
282.1966	0.05	566
282.5506	0.05	566
282.9878	0.05	951
283.3016	0.05	4525
283.7441	0.05	100
284.1729	0.05	3200
284.6939	0.05	1131
285.2013	0.05	2263
285.6607	0.05	800
285.8035	0.05	951
286.0046	0.05	119
286.419	0.05	238
286.6217	0.05	673
286.8629	0.05	15222
287.2775	0.05	1600
287.595	0.05	800
288.0725	0.05	119
288.2412	0.05	21527
288.6238	0.05	119
288.7682	0.05	800
288.9281	0.05	119
289.2834	0.05	951
289.58	0.05	100
289.7678	0.05	168
290.0455	0.05	141
290.2893	0.05	10763
290.4999	0.05	168
290.8487	0.05	336
291.0048	0.05	168
291.3629	0.05	283
291.4786	0.05	5382
291.8687	0.05	9051
292.2311	0.05	2691
292.6572	0.05	238
292.8891	0.05	168
293.3027	0.05	6400
293.4959	0.05	119
293.9454	0.05	951
294.0546	0.05	168
294.4086	0.05	1131
294.636	0.05	476
294.8593	0.05	673
295.1946	0.05	2263
295.4669	0.05	336
295.9284	0.05	119
296.2292	0.05	200
296.698	0.05	21527
296.954	0.05	21527
297.278	0.05	6400
297.6485	0.05	238
298.1352	0.05	21527
298.5394	0.05	566
298.8177	0.05	336
298.9837	0.05	119
299.2163	0.05	283
299.577	0.05	2263
299.7774	0.05	200
300.1324	0.05	4525
300.6175	0.05	1131
300.9658	0.05	3200
301.3029	0.05	283
301.6746	0.05	3805
302.1791	0.05	1903
302.727	0.05	1903
302.9248	0.05	7611
303.2675	0.05	12800
303.6668	0.05	119
303.948	0.05	100
304.7216	0.05	200
305.1637	0.05	400
305.3788	0.05	200
305.8137	0.05	1345
306.2305	0.05	2263
306.6569	0.05	400
306.7951	0.05	1903
307.3601	0.05	673
307.5064	0.05	238
307.9919	0.05	141
308.1816	0.05	18102
308.5502	0.05	3805
309.0107	0.05	4525
309.4466	0.05	119
309.7663	0.05	141
309.9739	0.05	2263
310.2741	0.05	238
310.4942	0.05	6400
310.6362	0.05	800
310.8462	0.05	6400
311.2454	0.05	141
311.6394	0.05	238
311.9024	0.05	336
312.2255	0.05	3805
312.6047	0.05	1903
312.9466	0.05	1345
313.2967	0.05	5382
313.9747	0.05	168
314.0741	0.05	12800
314.436	0.05	18102
314.7907	0.05	9051
315.2014	0.05	9051
315.4455	0.05	5382
315.8929	0.05	951
316.231	0.05	2691
316.672	0.05	21527
317.1322	0.05	951
317.6562	0.05	800
317.9626	0.05	9051
318.4857	0.05	283
318.8316	0.05	238
318.9927	0.05	1903
319.2881	0.05	800
319.5407	0.05	21527
319.6778	0.05	336
319.9405	0.05	336
320.1808	0.05	951
320.6009	0.05	21527
320.9628	0.05	200
321.4094	0.05	100
321.7633	0.05	400
322.0592	0.05	2263
322.3623	0.05	283
322.717	0.05	673
323.2123	0.05	168
323.6462	0.05	238
323.8136	0.05	1903
324.1446	0.05	9051
324.431	0.05	3805
324.8276	0.05	168
325.1044	0.05	476
325.5943	0.05	2691
325.886	0.05	15222
326.0439	0.05	3200
326.5816	0.05	1600
326.9584	0.05	1600
327.3541	0.05	168
327.5858	0.05	21527
328.0242	0.05	10763
328.1262	0.05	141
328.6096	0.05	119
328.9242	0.05	15222
329.0701	0.05	238
329.2488	0.05	1345
329.5918	0.05	119
329.9368	0.05	200
330.1364	0.05	1903
330.395	0.05	21527
330.9335	0.05	4525
331.1911	0.05	5382
331.5103	0.05	6400
331.943	0.05	15222
332.3919	0.05	100
332.7253	0.05	168
332.8708	0.05	1345
333.0143	0.05	141
333.3892	0.05	200
333.6163	0.05	336
334.0118	0.05	1600
334.1768	0.05	7611
334.5565	0.05	5382
334.9621	0.05	238
335.3298	0.05	3200
335.5287	0.05	10763
335.7998	0.05	283
336.1768	0.05	1345
336.3246	0.05	100
336.5555	0.05	951
336.7482	0.05	800
337.215	0.05	18102
337.8184	0.05	200
338.2366	0.05	238
338.4625	0.05	238
338.8086	0.05	336
339.0948	0.05	3805
339.3097	0.05	673
339.6724	0.05	15222
340.002	0.05	336
340.1895	0.05	1131
340.4223	0.05	566
340.7018	0.05	336
341.1114	0.05	800
341.2883	0.05	119
341.5305	0.05	18102
341.7858	0.05	283
342.2494	0.05	10763
342.8594	0.05	476
343.4033	0.05	476
343.8547	0.05	15222
344.2148	0.05	2691
344.5389	0.05	566
344.6941	0.05	283
344.9567	0.05	400
345.2688	0.05	2263
345.6148	0.05	283
345.8142	0.05	200
346.049	0.05	15222
346.4436	0.05	4525
346.6259	0.05	283
346.8489	0.05	1600
347.201	0.05	10763
347.7655	0.05	6400
347.9607	0.05	238
348.3657	0.05	18102
348.5863	0.05	119
348.8615	0.05	119
349.1032	0.05	119
349.6156	0.05	141
350.0581	0.05	1345
350.1685	0.05	12800
350.438	0.05	3805
350.8318	0.05	3805
350.9824	0.05	3200
351.2707	0.05	141
351.5325	0.05	3805
351.9172	0.05	1903
352.1303	0.05	4525
352.4558	0.05	400
352.7066	0.05	10763
352.869	0.05	21527
353.1356	0.05	800
353.3937	0.05	12800
353.6715	0.05	7611
353.9481	0.05	9051
354.0961	0.05	3805
354.5789	0.05	1345
355.1033	0.05	1600
355.4017	0.05	2691
355.6288	0.05	800
355.9727	0.05	336
356.2374	0.05	10763
356.5609	0.05	168
356.6958	0.05	336
357.2905	0.05	119
357.6506	0.05	5382
358.0699	0.05	119
358.647	0.05	100
358.7601	0.05	476
358.9865	0.05	10763
359.3251	0.05	3200
359.715	0.05	1600
359.9622	0.05	673
360.3182	0.05	336
360.497	0.05	15222
360.7874	0.05	100
361.064	0.05	12800
361.5231	0.05	1131
361.7725	0.05	168
361.9825	0.05	400
362.1934	0.05	673
362.5466	0.05	4525
362.7727	0.05	15222
363.3507	0.05	4525
363.7478	0.05	1903
364.1069	0.05	951
364.4021	0.05	9051
364.7606	0.05	15222
365.2886	0.05	6400
365.3905	0.05	1131
365.9091	0.05	21527
366.1765	0.05	6400
366.4917	0.05	5382
366.9386	0.05	336
367.3369	0.05	951
367.4828	0.05	200
367.6377	0.05	238
368.0346	0.05	168
368.2437	0.05	951
368.3883	0.05	100
368.658	0.05	400
368.9231	0.05	673
369.1079	0.05	2691
369.2976	0.05	12800
369.6524	0.05	476
369.7762	0.05	2263
370.2988	0.05	3200
370.7101	0.05	10763
370.9899	0.05	2691
371.3016	0.05	1131
371.511	0.05	951
371.707	0.05	800
372.0738	0.05	1345
372.5235	0.05	951
373.0395	0.05	2691
373.3376	0.05	1903
373.7406	0.05	238
374.3916	0.05	2691
375.1113	0.05	283
375.3791	0.05	100
376.0924	0.05	3200
376.3865	0.05	336
376.6172	0.05	283
377.0126	0.05	141
377.3208	0.05	800
377.8159	0.05	1600
378.2261	0.05	4525
378.3772	0.05	3805
378.4373	0.05	476
378.8292	0.05	15222
379.0285	0.05	168
379.4794	0.05	1903
380.0532	0.05	9051
380.2555	0.05	1131
380.7233	0.05	7611
381.0595	0.05	951
381.3029	0.05	400
381.8752	0.05	7611
382.1265	0.05	10763
382.6332	0.05	100
383.2074	0.05	5382
383.3188	0.05	7611
384.207	0.05	9051
384.7374	0.05	21527
385.2125	0.05	4525
385.4363	0.05	141
385.7183	0.05	15222
385.8843	0.05	336
386.0594	0.05	21527
386.2701	0.05	566
386.6694	0.05	1903
387.2962	0.05	400
387.8251	0.05	10763
388.0793	0.05	476
388.185	0.05	21527
388.5322	0.05	10763
388.7594	0.05	283
388.8927	0.05	6400
389.2706	0.05	100
389.6687	0.05	7611
390.1109	0.05	3200
390.3918	0.05	238
390.6545	0.05	10763
390.9429	0.05	800
391.2352	0.05	476
391.5797	0.05	951
392.1739	0.05	141
392.5048	0.05	141
392.9137	0.05	21527
393.5915	0.05	951
393.8635	0.05	566
394.2851	0.05	283
394.6404	0.05	15222
394.8558	0.05	100
394.9403	0.05	5382
395.0337	0.05	21527
395.3049	0.05	951
395.5456	0.05	168
395.8095	0.05	1345
395.9718	0.05	21527
396.3176	0.05	4525
396.6607	0.05	673
396.8896	0.05	400
397.3156	0.05	4525
397.4593	0.05	1131
397.654	0.05	200
397.9367	0.05	7611
398.1091	0.05	1131
398.6168	0.05	141
399.1736	0.05	2691
399.5206	0.05	7611
399.6838	0.05	2691
400.0941	0.05	6400
400.1774	0.05	1345
400.4266	0.05	476
401.3833	0.05	566
401.7598	0.05	566
401.9457	0.05	2263
402.393	0.05	200
402.6718	0.05	476
403.1443	0.05	951
403.4133	0.05	283
403.941	0.05	15222
404.409	0.05	336
404.7529	0.05	168
405.0298	0.05	141
405.3796	0.05	18102
405.6699	0.05	7611
405.9744	0.05	951
406.3911	0.05	800
406.6119	0.05	283
406.8322	0.05	9051
407.146	0.05	200
407.3741	0.05	6400
407.5301	0.05	673
407.9746	0.05	15222
408.2556	0.05	3200
408.4053	0.05	800
408.6708	0.05	673
408.9669	0.05	1345
409.063	0.05	283
409.2302	0.05	238
409.3608	0.05	6400
409.8461	0.05	9051
410.1425	0.05	4525
410.6286	0.05	12800
411.0233	0.05	21527
411.4057	0.05	1600
411.639	0.05	119
411.993	0.05	100
412.1624	0.05	4525
412.3908	0.05	168
412.6257	0.05	800
412.9675	0.05	400
413.0996	0.05	18102
413.2643	0.05	336
413.606	0.05	141
414.1578	0.05	15222
414.5236	0.05	9051
414.7835	0.05	168
415.0919	0.05	12800
415.4171	0.05	141
416.0683	0.05	12800
416.3736	0.05	200
416.8296	0.05	1903
417.134	0.05	566
417.3543	0.05	476
417.7118	0.05	800
418.1872	0.05	2263
418.3293	0.05	18102
418.5207	0.05	3805
418.8109	0.05	7611
419.191	0.05	21527
419.3988	0.05	1903
419.6352	0.05	400
420.0398	0.05	336
420.209	0.05	141
420.6837	0.05	10763
421.1271	0.05	141
421.3643	0.05	336
421.7748	0.05	10763
422.2936	0.05	4525
422.6519	0.05	10763
423.0946	0.05	21527
423.4267	0.05	141
423.7437	0.05	800
424.049	0.05	7611
424.2498	0.05	21527
424.4757	0.05	7611
424.7865	0.05	1345
425.2509	0.05	673
425.493	0.05	18102
426.0463	0.05	200
426.2652	0.05	141
426.6733	0.05	6400
426.8447	0.05	9051
427.0582	0.05	800
427.3143	0.05	141
427.6595	0.05	3805
428.2923	0.05	5382
428.6219	0.05	1131
428.8854	0.05	1345
429.2728	0.05	6400
429.4541	0.05	3805
429.7564	0.05	200
430.1339	0.05	476
430.4112	0.05	18102
430.7043	0.05	21527
431.0434	0.05	9051
431.4173	0.05	800
432.0102	0.05	21527
432.6698	0.05	238
433.0861	0.05	2263
433.2526	0.05	119
433.6179	0.05	168
433.8635	0.05	566
434.0594	0.05	951
434.4757	0.05	3805
434.859	0.05	238
435.1489	0.05	566
435.4163	0.05	10763
435.6279	0.05	951
435.7566	0.05	1131
435.9015	0.05	800
436.0852	0.05	3200
436.3482	0.05	1600
436.6867	0.05	141
437.0329	0.05	336
437.2105	0.05	400
437.6272	0.05	2263
438.0019	0.05	4525
438.551	0.05	200
438.803	0.05	1903
439.117	0.05	3805
439.3673	0.05	336
439.7869	0.05	1600
440.2687	0.05	336
440.6544	0.05	3805
441.4965	0.05	400
441.7906	0.05	6400
442.1657	0.05	400
442.2854	0.05	1600
442.5334	0.05	238
442.6587	0.05	566
442.9594	0.05	2263
443.1303	0.05	673
443.3643	0.05	200
443.5742	0.05	3805
443.869	0.05	9051
444.3264	0.05	1345
444.894	0.05	6400
445.269	0.05	1131
445.5153	0.05	168
445.8545	0.05	800
446.0779	0.05	400
446.2837	0.05	1600
446.4466	0.05	1345
446.5706	0.05	15222
446.8769	0.05	10763
447.2892	0.05	238
447.6321	0.05	119
447.9459	0.05	566
448.2633	0.05	238
448.5099	0.05	200
449.1458	0.05	200
449.4324	0.05	283
449.5948	0.05	5382
449.8712	0.05	400
450.1165	0.05	15222
450.4156	0.05	3805
450.6816	0.05	9051
450.8974	0.05	12800
451.0338	0.05	1903
451.2928	0.05	951
451.4441	0.05	4525
451.7464	0.05	3805
452.1971	0.05	9051
452.9408	0.05	336
453.3295	0.05	283
453.7018	0.05	200
454.1773	0.05	1131
454.5523	0.05	6400
455.0713	0.05	100
455.3622	0.05	566
455.6946	0.05	283
455.9302	0.05	200
456.1549	0.05	200
456.3974	0.05	119
456.8323	0.05	673
457.1564	0.05	4525
457.2857	0.05	400
457.9092	0.05	100
458.3187	0.05	1131
458.4702	0.05	10763
458.738	0.05	7611
459.0811	0.05	12800
459.3051	0.05	119
459.6061	0.05	200
459.9678	0.05	238
460.4401	0.05	400
460.6032	0.05	200
460.8005	0.05	673
461.0376	0.05	3200
461.3756	0.05	10763
461.9038	0.05	476
462.5504	0.05	476
462.9738	0.05	3805
463.4087	0.05	400
463.705	0.05	15222
464.0067	0.05	1903
464.2272	0.05	951
464.6118	0.05	800
465.1203	0.05	238
465.6395	0.05	283
465.9189	0.05	1903
466.2633	0.05	476
466.6691	0.05	15222
466.9168	0.05	1345
467.263	0.05	2263
467.6271	0.05	1131
468.016	0.05	1345
468.2562	0.05	1600
468.7847	0.05	336
469.2468	0.05	566
469.3402	0.05	5382
469.5316	0.05	100
469.8052	0.05	18102
469.9219	0.05	238
470.4928	0.05	21527
470.8395	0.05	3805
471.2478	0.05	951
471.4356	0.05	800
471.7772	0.05	15222
472.374	0.05	3200
472.7949	0.05	6400
473.2266	0.05	2263
473.6281	0.05	673
473.9353	0.05	12800
474.125	0.05	3805
474.8171	0.05	2691
474.9848	0.05	1600
475.364	0.05	1903
475.7334	0.05	6400
476.4096	0.05	1600
476.6836	0.05	4525
477.2352	0.05	168
477.4881	0.05	100
477.8315	0.05	21527
478.257	0.05	119
478.4624	0.05	3805
478.8654	0.05	3805
479.4752	0.05	12800
479.8019	0.05	9051
480.5998	0.05	1600
480.8335	0.05	6400
481.6794	0.05	6400
481.992	0.05	476
482.3441	0.05	10763
482.5528	0.05	7611
482.6737	0.05	6400
482.9483	0.05	2263
483.3475	0.05	119
483.7852	0.05	18102
483.9264	0.05	673
484.0493	0.05	200
484.3098	0.05	18102
484.6306	0.05	476
485.3853	0.05	283
485.6609	0.05	3805
486.0012	0.05	4525
486.4587	0.05	283
486.709	0.05	3805
486.8981	0.05	238
487.0458	0.05	12800
487.5429	0.05	141
487.9263	0.05	2691
488.5128	0.05	1903
488.7712	0.05	12800
489.2392	0.05	283
489.9103	0.05	141
490.3116	0.05	2263
490.6288	0.05	336
490.775	0.05	141
491.2837	0.05	2691
491.6979	0.05	1131
491.9203	0.05	4525
492.3107	0.05	15222
493.0006	0.05	238
493.3646	0.05	10763
493.7111	0.05	3200
494.2288	0.05	200
494.5418	0.05	3200
494.7112	0.05	673
494.958	0.05	673
495.3837	0.05	1131
495.5926	0.05	18102
496.1259	0.05	1600
496.4743	0.05	673
496.8051	0.05	951
497.1736	0.05	4525
497.4792	0.05	168
497.7236	0.05	18102
498.1046	0.05	1903
498.6245	0.05	5382
499.2088	0.05	9051
499.4395	0.05	1903
499.8736	0.05	673
500.0711	0.05	1345
500.59	0.05	4525
500.9068	0.05	1903
501.2514	0.05	1903
501.8515	0.05	2263
501.9637	0.05	3805
502.2936	0.05	119
502.4855	0.05	2263
502.636	0.05	283
503.0428	0.05	3200
503.3071	0.05	6400
503.5715	0.05	800
503.8976	0.05	800
504.1582	0.05	15222
504.4044	0.05	100
504.8502	0.05	119
505.0691	0.05	100
505.3509	0.05	1345
505.7356	0.05	3200
505.9557	0.05	238
506.2694	0.05	1903
506.6747	0.05	951
507.0104	0.05	141
507.8047	0.05	3805
507.9765	0.05	21527
508.4469	0.05	3200
508.8762	0.05	1345
509.0931	0.05	3200
509.3366	0.05	238
509.6601	0.05	283
509.9733	0.05	1131
510.2781	0.05	238
510.4285	0.05	100
511.0264	0.05	1131
511.2832	0.05	119
511.6107	0.05	141
511.965	0.05	5382
512.4177	0.05	18102
512.8049	0.05	10763
513.1533	0.05	10763
513.3169	0.05	3805
513.7781	0.05	18102
514.3542	0.05	18102
514.5145	0.05	119
514.6669	0.05	5382
514.972	0.05	2691
515.2977	0.05	1903
515.5136	0.05	400
515.7595	0.05	9051
516.0706	0.05	3805
516.2479	0.05	6400
516.67	0.05	4525
516.9927	0.05	476
517.3277	0.05	200
517.9042	0.05	1131
518.127	0.05	21527
518.6946	0.05	9051
519.1705	0.05	336
519.4638	0.05	2263
519.8221	0.05	1903
520.3644	0.05	21527
520.7245	0.05	476
521.1065	0.05	10763
521.4771	0.05	400
521.7823	0.05	1345
522.305	0.05	21527
522.7677	0.05	1903
523.3696	0.05	119
523.633	0.05	5382
524.0286	0.05	100
524.4518	0.05	476
524.7966	0.05	1345
525.3189	0.05	3805
525.7245	0.05	7611
525.9143	0.05	1131
526.1736	0.05	476
526.4018	0.05	3805
526.7658	0.05	673
527.0183	0.05	5382
527.1288	0.05	283
527.3636	0.05	5382
527.9118	0.05	6400
528.1849	0.05	119
529.0093	0.05	1131
529.1536	0.05	4525
529.4027	0.05	100
529.7955	0.05	3805
530.3518	0.05	9051
530.6102	0.05	673
530.8638	0.05	283
531.3719	0.05	9051
531.6921	0.05	3200
532.1167	0.05	2691
532.6239	0.05	18102
532.9808	0.05	1903
533.4607	0.05	119
533.8879	0.05	119
534.0585	0.05	10763
534.3107	0.05	15222
534.7048	0.05	1903
534.8252	0.05	200
535.0497	0.05	7611
535.1393	0.05	15222
535.3748	0.05	15222
535.6746	0.05	1345
536.0308	0.05	238
536.2745	0.05	566
536.3327	0.05	21527
536.9004	0.05	800
537.1644	0.05	4525
537.7083	0.05	400
537.876	0.05	336
538.3261	0.05	200
538.7181	0.05	800
538.9753	0.05	1903
539.7334	0.05	2263
540.3981	0.05	238
540.8306	0.05	168
541.1495	0.05	951
541.5414	0.05	673
541.9556	0.05	400
542.1986	0.05	100
542.4802	0.05	1903
543.0413	0.05	200
543.5089	0.05	141
543.8656	0.05	566
544.0843	0.05	2691
544.3385	0.05	336
544.7825	0.05	2691
545.1475	0.05	1600
545.4518	0.05	9051
545.8765	0.05	2263
546.0088	0.05	566
546.5128	0.05	4525
546.8197	0.05	566
547.0854	0.05	3200
547.4879	0.05	238
547.8957	0.05	1600
548.3655	0.05	238
548.8208	0.05	1903
549.3276	0.05	141
549.6106	0.05	336
549.8408	0.05	336
550.0834	0.05	2263
550.3648	0.05	2263
550.8742	0.05	15222
551.0254	0.05	1131
551.2918	0.05	1600
551.6444	0.05	400
552.0816	0.05	673
552.2838	0.05	9051
552.585	0.05	168
552.9171	0.05	566
553.2402	0.05	951
553.6068	0.05	800
553.908	0.05	6400
554.1394	0.05	2691
554.4058	0.05	238
554.7227	0.05	18102
555.2555	0.05	1600
555.6288	0.05	1600
555.9528	0.05	336
556.3081	0.05	100
556.6896	0.05	4525
557.304	0.05	6400
557.6545	0.05	168
558.2144	0.05	100
558.573	0.05	10763
559.0065	0.05	100
559.4045	0.05	673
560.018	0.05	673
560.2243	0.05	200
560.4328	0.05	141
560.8	0.05	1600
561.2511	0.05	12800
561.5867	0.05	200
561.8756	0.05	2691
562.4311	0.05	3805
562.6707	0.05	1600
563.1052	0.05	4525
563.7501	0.05	1600
564.1203	0.05	18102
564.3344	0.05	10763
565.0928	0.05	200
565.309	0.05	119
565.6624	0.05	21527
566.0987	0.05	12800
566.6054	0.05	10763
566.9118	0.05	566
567.3199	0.05	238
567.4538	0.05	100
567.7766	0.05	951
568.0012	0.05	673
568.1411	0.05	476
568.6256	0.05	12800
569.1762	0.05	10763
569.5233	0.05	3200
569.7141	0.05	1600
570.4685	0.05	168
570.7331	0.05	673
571.1849	0.05	119
571.4821	0.05	141
572.0046	0.05	100
572.364	0.05	2691
572.6199	0.05	4525
572.9449	0.05	168
573.246	0.05	800
573.7879	0.05	6400
574.2059	0.05	100
574.5719	0.05	283
574.8136	0.05	10763
575.0286	0.05	800
575.4382	0.05	5382
575.9903	0.05	1903
576.2096	0.05	200
576.384	0.05	2263
576.9859	0.05	141
577.3144	0.05	119
577.5346	0.05	21527
577.7113	0.05	141
578.2198	0.05	1131
578.783	0.05	10763
579.3962	0.05	2263
579.802	0.05	1131
580.128	0.05	4525
580.8191	0.05	7611
581.3323	0.05	400
581.4677	0.05	2691
581.7806	0.05	400
582.5476	0.05	566
582.782	0.05	168
583.1324	0.05	3805
583.4005	0.05	141
583.9239	0.05	119
584.16	0.05	2691
584.4831	0.05	673
584.7103	0.05	168
585.0019	0.05	7611
585.4831	0.05	5382
585.8164	0.05	21527
586.1291	0.05	21527
586.3354	0.05	168
586.4924	0.05	141
586.8576	0.05	673
587.2399	0.05	283
587.5992	0.05	238
587.7252	0.05	951
588.1389	0.05	119
588.4856	0.05	951
588.9944	0.05	15222
589.3261	0.05	400
589.6653	0.05	1600
589.9067	0.05	800
590.1033	0.05	15222
590.3807	0.05	1345
590.93	0.05	238
591.5484	0.05	5382
591.7177	0.05	119
592.0866	0.05	238
592.3984	0.05	7611
592.7281	0.05	1345
593.1631	0.05	4525
593.3624	0.05	400
593.5622	0.05	119
593.9159	0.05	800
594.2706	0.05	3200
594.5538	0.05	7611
594.8406	0.05	3200
595.2898	0.05	4525
595.5271	0.05	2691
595.8187	0.05	566
596.2383	0.05	10763
596.5946	0.05	168
597.1619	0.05	5382
597.4709	0.05	12800
597.7818	0.05	18102
598.0488	0.05	5382
598.2959	0.05	476
598.7508	0.05	2263
598.9217	0.05	9051
599.1983	0.05	200
599.2792	0.05	10763
599.7089	0.05	1600
600.1104	0.05	119
600.5671	0.05	673
600.765	0.05	951
601.0709	0.05	673
601.3966	0.05	119
601.5308	0.05	141
601.6639	0.05	3200
601.8992	0.05	15222
602.4287	0.05	168
603.119	0.05	2263
603.4564	0.05	119
603.5952	0.05	21527
603.9481	0.05	1345
604.318	0.05	238
604.6199	0.05	119
604.9587	0.05	283
605.0876	0.05	1345
605.2426	0.05	168
605.6787	0.05	566
605.9635	0.05	100
606.108	0.05	6400
606.3826	0.05	1600
606.6035	0.05	15222
607.0187	0.05	141
607.328	0.05	566
607.6877	0.05	141
608.0743	0.05	100
608.2718	0.05	10763
608.5999	0.05	7611
608.8996	0.05	1345
609.3146	0.05	951
609.9499	0.05	100
610.3098	0.05	566
610.6122	0.05	119
610.9311	0.05	200
611.1715	0.05	336
611.3084	0.05	4525
611.6909	0.05	800
611.9501	0.05	200
612.3189	0.05	1600
612.6408	0.05	951
612.8956	0.05	4525
613.2438	0.05	6400
613.6635	0.05	119
613.9991	0.05	15222
614.3319	0.05	15222
614.5315	0.05	336
615.0526	0.05	9051
615.5542	0.05	3805
615.6363	0.05	3805
615.748	0.05	3805
616.1167	0.05	476
616.3308	0.05	100
616.5093	0.05	1131
617.3186	0.05	336
617.5283	0.05	476
617.7074	0.05	9051
618.0641	0.05	2263
618.2919	0.05	2263
618.4784	0.05	951
618.6409	0.05	2263
618.8837	0.05	951
619.2723	0.05	2263
619.4281	0.05	4525
619.7316	0.05	800
620.0447	0.05	15222
620.316	0.05	2263
620.78	0.05	800
621.1878	0.05	400
622.0682	0.05	673
622.245	0.05	4525
622.5811	0.05	3200
623.0122	0.05	3805
623.2567	0.05	3200
623.6465	0.05	200
624.2382	0.05	6400
624.6711	0.05	800
625.1179	0.05	1600
625.404	0.05	15222
625.7597	0.05	3805
626.0105	0.05	238
626.3052	0.05	21527
626.6072	0.05	2691
627.0732	0.05	100
627.449	0.05	7611
627.7604	0.05	6400
628.0276	0.05	1600
628.3114	0.05	2691
628.4959	0.05	2691
628.9218	0.05	283
629.417	0.05	119